{
  "single_step": {
    "token_accuracy": 0.9990625,
    "psnr": 93.71282466104785,
    "ssim": 0.9999277596713096,
    "lpips": 2.5323206748575357e-05,
    "temporal_consistency_pred": 43.06684325341464,
    "temporal_consistency_target": 43.06975923914488
  },
  "autoregressive": {
    "over_steps": {
      "step": [
        0,
        1,
        2,
        3,
        4,
        5,
        6,
        7,
        8,
        9,
        10,
        11,
        12,
        13,
        14,
        15
      ],
      "psnr": [
        75.39131832564331,
        73.30488947194144,
        52.646018217216714,
        50.68372713752664,
        47.13215253209786,
        43.980020703285945,
        44.56585263072803,
        42.994555129038076,
        40.88482626060066,
        38.325134282588564,
        37.92140516805579,
        37.72513254184022,
        35.92256355000002,
        34.77026514063648,
        34.47877166823717,
        34.27230228572401
      ],
      "ssim": [
        0.9996761228070611,
        0.9994513484375155,
        0.9988644064166259,
        0.9982713080619975,
        0.997021056881273,
        0.9888503424753108,
        0.9857945674363788,
        0.9836777993740368,
        0.9734649189057917,
        0.9613285206121207,
        0.9599501237878018,
        0.9590777066308878,
        0.9511419495827408,
        0.9344955875402045,
        0.9135148291308794,
        0.9074511305065377
      ]
    },
    "overall": {
      "psnr": 45.31243344032256,
      "ssim": 0.9695019824116977,
      "lpips": 0.02619239062037195,
      "temporal_consistency_pred": 3.6112023848521573,
      "temporal_consistency_target": 3.8210489780088013,
      "collapse_frame": -1,
      "psnr_half_life": 12,
      "ssim_half_life": -1,
      "psnr_decay_rate": 2.5699385024949564,
      "stability_score": 49.799870101904716
    }
  },
  "action_consistency": {
    "action_sensitivity_mean": 0.15995033793151378,
    "action_sensitivity_std": 0.21015470503265274
  }
}