{
  "single_step": {
    "token_accuracy": 0.998671875,
    "psnr": 89.49838127223036,
    "ssim": 0.9999045879596272,
    "lpips": 2.51674853614281e-05,
    "temporal_consistency_pred": 41.41877466318558,
    "temporal_consistency_target": 41.42187987866045
  },
  "autoregressive": {
    "over_steps": {
      "step": [
        0,
        1,
        2,
        3,
        4,
        5,
        6,
        7,
        8,
        9,
        10,
        11,
        12,
        13,
        14,
        15
      ],
      "psnr": [
        85.47777644648042,
        76.42515394196639,
        67.34674296489834,
        73.9748557829306,
        73.16260755530539,
        72.43016740212906,
        56.37549831505514,
        53.27581190233265,
        48.831754150238396,
        46.49418561453141,
        45.575195723274135,
        44.354213137591714,
        42.3998321624732,
        39.51915789569154,
        36.476869462950596,
        34.96174487446929
      ],
      "ssim": [
        0.999922026378911,
        0.999695278955528,
        0.9994238348232859,
        0.9991424001171021,
        0.9989010889365073,
        0.9986763116968518,
        0.9973176184207384,
        0.9967143804242621,
        0.9954934765891551,
        0.9872733741761868,
        0.9790051738646586,
        0.9799428578798205,
        0.9780200507507397,
        0.975145659268496,
        0.960397298703298,
        0.9467005090591142
      ]
    },
    "overall": {
      "psnr": 56.06759795826988,
      "ssim": 0.986985708752791,
      "lpips": 0.009458585686713821,
      "temporal_consistency_pred": 5.296368691488661,
      "temporal_consistency_target": 5.4078915752942045,
      "collapse_frame": -1,
      "psnr_half_life": 12,
      "ssim_half_life": -1,
      "psnr_decay_rate": 3.1572519732506956,
      "stability_score": 36.89831321927266
    }
  },
  "action_consistency": {
    "action_sensitivity_mean": 0.23035927556455135,
    "action_sensitivity_std": 0.3446255928425163
  }
}