{
  "single_step": {
    "token_accuracy": 0.32171875,
    "psnr": 25.904194916946764,
    "ssim": 0.779238073021462,
    "lpips": 0.20045118330977857,
    "temporal_consistency_pred": 48.57656766930405,
    "temporal_consistency_target": 47.348109965421706
  },
  "autoregressive": {
    "over_steps": {
      "step": [
        0,
        1,
        2,
        3,
        4,
        5,
        6,
        7,
        8,
        9,
        10,
        11,
        12,
        13,
        14,
        15
      ],
      "psnr": [
        30.014648117050626,
        23.88566552886679,
        22.853468234035255,
        22.363553780721034,
        21.02938572107315,
        20.69239652119969,
        20.76199376601189,
        19.12002210190517,
        18.12684029452175,
        18.086662480009203,
        18.917627622566286,
        19.3600311419017,
        19.189075131013627,
        18.810375389306472,
        18.578165140512873,
        18.303207128345978
      ],
      "ssim": [
        0.841850699307027,
        0.7372538571818288,
        0.7169453557042138,
        0.707588088341063,
        0.6779000100129547,
        0.6769291584782928,
        0.6890754420902877,
        0.6561345244291187,
        0.6462087844792535,
        0.6490571213012765,
        0.6659950409912584,
        0.66942389545572,
        0.6567785833344049,
        0.6536331905391307,
        0.6474080801974108,
        0.6393640186156675
      ]
    },
    "overall": {
      "psnr": 20.630819881190092,
      "ssim": 0.6832216156536818,
      "lpips": 0.3098050465225242,
      "temporal_consistency_pred": 7.228883316748252,
      "temporal_consistency_target": 15.851710967373752,
      "collapse_frame": -1,
      "psnr_half_life": -1,
      "ssim_half_life": -1,
      "psnr_decay_rate": 0.7319650617940405,
      "stability_score": 86.73536096705291
    }
  },
  "action_consistency": {
    "action_sensitivity_mean": 10.883532423973083,
    "action_sensitivity_std": 13.133018797999181
  }
}