{
  "single_step": {
    "token_accuracy": 0.68734375,
    "psnr": 30.24759554127106,
    "ssim": 0.8701661536381095,
    "lpips": 0.1121190913207829,
    "temporal_consistency_pred": 52.789939932271736,
    "temporal_consistency_target": 52.427038075972575
  },
  "autoregressive": {
    "over_steps": {
      "step": [
        0,
        1,
        2,
        3,
        4,
        5,
        6,
        7,
        8,
        9,
        10,
        11,
        12,
        13,
        14,
        15
      ],
      "psnr": [
        30.723358402155235,
        26.359671220637335,
        23.991320814794772,
        23.8374101187157,
        22.40862668265769,
        21.283612899674413,
        20.19082323340404,
        19.704095695659312,
        19.188159544866757,
        20.310324290934656,
        19.945719336335618,
        19.510173694141663,
        19.613737488078367,
        19.408897756113095,
        19.35446642524704,
        19.28822850393781
      ],
      "ssim": [
        0.9194854617479736,
        0.8249170668953107,
        0.765254607802095,
        0.7558538657192717,
        0.7249770632463448,
        0.6960835549577176,
        0.6674975612705707,
        0.6540232724338023,
        0.6549137162589757,
        0.6840492127432272,
        0.6712452435596845,
        0.6630320906289638,
        0.6607273974297349,
        0.661361710221175,
        0.6637349272704356,
        0.6699683782275664
      ]
    },
    "overall": {
      "psnr": 21.569914131709595,
      "ssim": 0.708570320650803,
      "lpips": 0.25676515807863326,
      "temporal_consistency_pred": 5.789797754730354,
      "temporal_consistency_target": 10.428555709903252,
      "collapse_frame": -1,
      "psnr_half_life": -1,
      "ssim_half_life": -1,
      "psnr_decay_rate": 0.7146956186385891,
      "stability_score": 86.5950205993139
    }
  },
  "action_consistency": {
    "action_sensitivity_mean": 47.97311143875122,
    "action_sensitivity_std": 35.159958825322
  }
}