{
  "single_step": {
    "token_accuracy": 0.915078125,
    "psnr": 39.77440401566076,
    "ssim": 0.963080522221167,
    "lpips": 0.04081481211760547,
    "temporal_consistency_pred": 55.726772178598004,
    "temporal_consistency_target": 55.87102420313828
  },
  "autoregressive": {
    "over_steps": {
      "step": [
        0,
        1,
        2,
        3,
        4,
        5,
        6,
        7,
        8,
        9,
        10,
        11,
        12,
        13,
        14,
        15
      ],
      "psnr": [
        28.346025699768557,
        26.19182630195569,
        23.553731172579713,
        22.038047241008947,
        21.916956289144487,
        21.52330578986152,
        20.87461280384174,
        20.12627628430974,
        19.068338816955283,
        18.597573562146074,
        18.086463223434436,
        16.536598615773883,
        15.941838715658118,
        15.882821837240584,
        15.26013917315414,
        15.77377058787223
      ],
      "ssim": [
        0.8712861668294394,
        0.8013056211953444,
        0.7579769892502001,
        0.7263679824771245,
        0.726552632049916,
        0.7189453813220826,
        0.695658721501976,
        0.673330019599192,
        0.6430850418425277,
        0.626122270259581,
        0.6232716757181052,
        0.5940029160934474,
        0.570514487859415,
        0.5737548079430453,
        0.537260459671031,
        0.5332656076529391
      ]
    },
    "overall": {
      "psnr": 19.98239538216907,
      "ssim": 0.6670437988290854,
      "lpips": 0.32254933026852084,
      "temporal_consistency_pred": 10.426385871468716,
      "temporal_consistency_target": 13.2261340306278,
      "collapse_frame": -1,
      "psnr_half_life": -1,
      "ssim_half_life": -1,
      "psnr_decay_rate": 0.7857659444935204,
      "stability_score": 84.66257943704905
    }
  },
  "action_consistency": {
    "action_sensitivity_mean": 107.775915184021,
    "action_sensitivity_std": 167.66184630176278
  }
}