{
  "single_step": {
    "token_accuracy": 0.466328125,
    "psnr": 28.936909067330163,
    "ssim": 0.8388738882462454,
    "lpips": 0.14960810892516746,
    "temporal_consistency_pred": 50.155348797233735,
    "temporal_consistency_target": 47.77473937573076
  },
  "autoregressive": {
    "over_steps": {
      "step": [
        0,
        1,
        2,
        3,
        4,
        5,
        6,
        7,
        8,
        9,
        10,
        11,
        12,
        13,
        14,
        15
      ],
      "psnr": [
        26.20262285881815,
        25.144696123530476,
        24.54127891175722,
        23.702117269044997,
        22.63473210771192,
        21.568123210853056,
        20.742194893074487,
        20.320599198190564,
        20.618097830662453,
        19.53103134876966,
        19.43081116171545,
        19.384857587292508,
        19.015486011297863,
        19.017745041461897,
        18.620146677732645,
        18.312126337946317
      ],
      "ssim": [
        0.8191647756218687,
        0.7852575068804404,
        0.7693325273908214,
        0.7545883621187509,
        0.7274032665866387,
        0.699374779105258,
        0.6734501589228492,
        0.6601598872948518,
        0.6669838828696311,
        0.6321423464095712,
        0.6276869668919522,
        0.6233912940284082,
        0.6158893921883142,
        0.6045701344758395,
        0.5930074487633242,
        0.585434595182875
      ]
    },
    "overall": {
      "psnr": 21.17416666061623,
      "ssim": 0.677364832795712,
      "lpips": 0.2820303642656654,
      "temporal_consistency_pred": 5.832201478853507,
      "temporal_consistency_target": 8.984465071923625,
      "collapse_frame": -1,
      "psnr_half_life": -1,
      "ssim_half_life": -1,
      "psnr_decay_rate": 0.4931560325544895,
      "stability_score": 90.1884689744381
    }
  },
  "action_consistency": {
    "action_sensitivity_mean": 23.229907817840576,
    "action_sensitivity_std": 28.562094229003932
  }
}