{
  "single_step": {
    "token_accuracy": 0.27734375,
    "psnr": 25.457109987114162,
    "ssim": 0.7853601923400427,
    "lpips": 0.2135503903403878,
    "temporal_consistency_pred": 46.17613573139216,
    "temporal_consistency_target": 46.08368200185348
  },
  "autoregressive": {
    "over_steps": {
      "step": [
        0,
        1,
        2,
        3,
        4,
        5,
        6,
        7,
        8,
        9,
        10,
        11,
        12,
        13,
        14,
        15
      ],
      "psnr": [
        25.250764551844025,
        22.750998520964796,
        21.416331434911445,
        20.677643473733518,
        18.669130844974298,
        18.035874104040097,
        17.91499944112021,
        17.50272144423989,
        17.00824602233251,
        16.68279587968791,
        16.38852062383184,
        16.21079566210894,
        15.941984133832008,
        15.925512729707327,
        15.403228906472084,
        15.275874679104792
      ],
      "ssim": [
        0.8030575631566552,
        0.761497474645703,
        0.7219129492492595,
        0.7009108845257227,
        0.6615204432235766,
        0.6669964716312562,
        0.6638473846244688,
        0.6471340208621179,
        0.6326820196216636,
        0.6225851034103006,
        0.6162163668979638,
        0.6116716184168214,
        0.5921316526359209,
        0.5867518819034381,
        0.5683341816392372,
        0.5583820587649632
      ]
    },
    "overall": {
      "psnr": 18.190963903306603,
      "ssim": 0.6509770047005669,
      "lpips": 0.38574245385825634,
      "temporal_consistency_pred": 9.275545144382914,
      "temporal_consistency_target": 10.194442298341903,
      "collapse_frame": -1,
      "psnr_half_life": -1,
      "ssim_half_life": -1,
      "psnr_decay_rate": 0.6234306170462021,
      "stability_score": 88.16822892384748
    }
  },
  "action_consistency": {
    "action_sensitivity_mean": 5.447167958021164,
    "action_sensitivity_std": 10.896152640877455
  }
}