{
  "single_step": {
    "token_accuracy": 0.959375,
    "psnr": 88.328918898952,
    "ssim": 0.9706003098260888,
    "lpips": 0.029460019703873533,
    "temporal_consistency_pred": 55.259587709595564,
    "temporal_consistency_target": 51.90953821714233
  },
  "autoregressive": {
    "over_steps": {
      "step": [
        0,
        1,
        2,
        3,
        4,
        5,
        6,
        7,
        8,
        9,
        10,
        11,
        12,
        13,
        14,
        15
      ],
      "psnr": [
        28.711198782808435,
        23.903290698336264,
        21.55148921225957,
        19.339034451549544,
        17.404339447719433,
        14.535738933072153,
        13.39434075939621,
        13.480751081889192,
        13.080376926242916,
        13.153301517825634,
        13.10293214200389,
        14.759770715829333,
        14.76603167594963,
        15.995618843479662,
        16.39991010174015,
        17.338125304149933
      ],
      "ssim": [
        0.8718009492477595,
        0.8255401281439856,
        0.7338612378914517,
        0.6339993126402022,
        0.5634828811464561,
        0.4793312270179625,
        0.4348626351290369,
        0.418826444171411,
        0.43597229343381627,
        0.44748886884794636,
        0.4608529216611794,
        0.49120162423812924,
        0.49168932837154034,
        0.5236941958588142,
        0.5557743283716564,
        0.5880659277249404
      ]
    },
    "overall": {
      "psnr": 16.932265662140747,
      "ssim": 0.5597777689935179,
      "lpips": 0.4226627943571657,
      "temporal_consistency_pred": 21.367901250782896,
      "temporal_consistency_target": 28.317624570951185,
      "collapse_frame": 5,
      "psnr_half_life": 6,
      "ssim_half_life": 6,
      "psnr_decay_rate": 0.7108170924161563,
      "stability_score": 84.24047910833514
    }
  },
  "action_consistency": {
    "action_sensitivity_mean": 8.75544509075582,
    "action_sensitivity_std": 14.92694228003983
  }
}